codigo_region,region_residencia,fecha,Porcentaje Camas UCI
01,Región de Tarapacá,2020-04-12,50.0
01,Región de Tarapacá,2020-04-13,50.0
01,Región de Tarapacá,2020-04-15,42.86
01,Región de Tarapacá,2020-04-16,28.57
01,Región de Tarapacá,2020-04-18,35.71
01,Región de Tarapacá,2020-04-19,28.57
01,Región de Tarapacá,2020-04-21,42.86
01,Región de Tarapacá,2020-04-22,42.86
01,Región de Tarapacá,2020-04-23,35.71
01,Región de Tarapacá,2020-04-29,35.71
01,Región de Tarapacá,2020-04-30,42.86
01,Región de Tarapacá,2020-05-01,50.0
01,Región de Tarapacá,2020-05-02,57.14
01,Región de Tarapacá,2020-05-03,50.0
01,Región de Tarapacá,2020-05-06,78.57
01,Región de Tarapacá,2020-05-07,78.57
01,Región de Tarapacá,2020-05-08,85.71
01,Región de Tarapacá,2020-05-09,58.82
01,Región de Tarapacá,2020-05-12,80.77
01,Región de Tarapacá,2020-05-13,84.62
01,Región de Tarapacá,2020-05-14,84.62
01,Región de Tarapacá,2020-05-15,84.62
01,Región de Tarapacá,2020-05-16,79.31
01,Región de Tarapacá,2020-05-17,86.21
01,Región de Tarapacá,2020-05-18,86.21
01,Región de Tarapacá,2020-05-19,81.25
01,Región de Tarapacá,2020-05-20,87.5
01,Región de Tarapacá,2020-05-21,78.12
01,Región de Tarapacá,2020-05-23,59.38
01,Región de Tarapacá,2020-05-24,56.25
01,Región de Tarapacá,2020-05-26,59.38
01,Región de Tarapacá,2020-05-27,90.62
01,Región de Tarapacá,2020-05-28,79.41
01,Región de Tarapacá,2020-05-29,94.12
01,Región de Tarapacá,2020-05-31,83.78
01,Región de Tarapacá,2020-06-01,91.89
01,Región de Tarapacá,2020-06-02,95.0
01,Región de Tarapacá,2020-06-03,90.7
01,Región de Tarapacá,2020-06-04,95.56
01,Región de Tarapacá,2020-06-05,97.96
01,Región de Tarapacá,2020-06-06,97.96
01,Región de Tarapacá,2020-06-07,93.88
01,Región de Tarapacá,2020-06-08,95.92
01,Región de Tarapacá,2020-06-09,97.96
01,Región de Tarapacá,2020-06-10,91.3
01,Región de Tarapacá,2020-06-11,93.48
01,Región de Tarapacá,2020-06-12,97.83
01,Región de Tarapacá,2020-06-13,86.96
01,Región de Tarapacá,2020-06-14,80.43
01,Región de Tarapacá,2020-06-15,86.96
01,Región de Tarapacá,2020-06-16,86.96
01,Región de Tarapacá,2020-06-17,91.3
01,Región de Tarapacá,2020-06-18,88.37
01,Región de Tarapacá,2020-06-19,79.07
01,Región de Tarapacá,2020-06-20,81.4
01,Región de Tarapacá,2020-06-21,79.07
01,Región de Tarapacá,2020-06-22,79.07
01,Región de Tarapacá,2020-06-23,88.37
01,Región de Tarapacá,2020-06-24,88.37
01,Región de Tarapacá,2020-06-25,81.4
01,Región de Tarapacá,2020-06-26,76.74
01,Región de Tarapacá,2020-06-27,81.4
01,Región de Tarapacá,2020-06-28,94.87
01,Región de Tarapacá,2020-06-29,97.44
01,Región de Tarapacá,2020-06-30,92.31
01,Región de Tarapacá,2020-07-01,85.0
01,Región de Tarapacá,2020-07-02,75.0
01,Región de Tarapacá,2020-07-04,77.5
01,Región de Tarapacá,2020-07-05,85.0
01,Región de Tarapacá,2020-07-06,85.0
01,Región de Tarapacá,2020-07-07,82.5
01,Región de Tarapacá,2020-07-08,82.5
01,Región de Tarapacá,2020-07-09,75.0
01,Región de Tarapacá,2020-07-10,67.5
01,Región de Tarapacá,2020-07-11,80.0
01,Región de Tarapacá,2020-07-12,75.0
01,Región de Tarapacá,2020-07-13,75.0
01,Región de Tarapacá,2020-07-14,67.5
01,Región de Tarapacá,2020-07-15,70.0
01,Región de Tarapacá,2020-07-17,80.0
01,Región de Tarapacá,2020-07-18,82.5
01,Región de Tarapacá,2020-07-19,82.5
01,Región de Tarapacá,2020-07-20,77.5
01,Región de Tarapacá,2020-07-21,82.5
01,Región de Tarapacá,2020-07-23,75.0
01,Región de Tarapacá,2020-07-24,72.5
01,Región de Tarapacá,2020-07-26,62.5
01,Región de Tarapacá,2020-07-27,15.0
01,Región de Tarapacá,2020-07-28,80.0
01,Región de Tarapacá,2020-07-30,79.41
01,Región de Tarapacá,2020-07-31,61.76
01,Región de Tarapacá,2020-08-02,47.06
01,Región de Tarapacá,2020-08-03,55.88
01,Región de Tarapacá,2020-08-06,64.71
01,Región de Tarapacá,2020-08-07,70.59
01,Región de Tarapacá,2020-08-08,70.59
01,Región de Tarapacá,2020-08-09,70.59
01,Región de Tarapacá,2020-08-10,76.47
01,Región de Tarapacá,2020-08-11,85.29
01,Región de Tarapacá,2020-08-12,79.41
01,Región de Tarapacá,2020-08-13,82.35
01,Región de Tarapacá,2020-08-14,85.29
02,Región de Antofagasta,2020-04-12,58.7
02,Región de Antofagasta,2020-04-13,60.87
02,Región de Antofagasta,2020-04-15,71.11
02,Región de Antofagasta,2020-04-16,77.78
02,Región de Antofagasta,2020-04-18,76.09
02,Región de Antofagasta,2020-04-19,76.6
02,Región de Antofagasta,2020-04-21,66.1
02,Región de Antofagasta,2020-04-22,72.73
02,Región de Antofagasta,2020-04-23,77.59
02,Región de Antofagasta,2020-04-29,89.23
02,Región de Antofagasta,2020-04-30,85.48
02,Región de Antofagasta,2020-05-01,82.35
02,Región de Antofagasta,2020-05-02,80.77
02,Región de Antofagasta,2020-05-03,80.77
02,Región de Antofagasta,2020-05-06,83.33
02,Región de Antofagasta,2020-05-07,83.33
02,Región de Antofagasta,2020-05-08,85.71
02,Región de Antofagasta,2020-05-09,89.29
02,Región de Antofagasta,2020-05-12,85.56
02,Región de Antofagasta,2020-05-13,86.67
02,Región de Antofagasta,2020-05-14,86.6
02,Región de Antofagasta,2020-05-15,80.41
02,Región de Antofagasta,2020-05-16,84.54
02,Región de Antofagasta,2020-05-17,81.82
02,Región de Antofagasta,2020-05-18,85.86
02,Región de Antofagasta,2020-05-19,85.86
02,Región de Antofagasta,2020-05-20,83.84
02,Región de Antofagasta,2020-05-21,86.87
02,Región de Antofagasta,2020-05-23,86.73
02,Región de Antofagasta,2020-05-24,87.72
02,Región de Antofagasta,2020-05-26,89.08
02,Región de Antofagasta,2020-05-27,81.74
02,Región de Antofagasta,2020-05-28,83.64
02,Región de Antofagasta,2020-05-29,82.88
02,Región de Antofagasta,2020-05-31,89.19
02,Región de Antofagasta,2020-06-01,83.78
02,Región de Antofagasta,2020-06-02,84.68
02,Región de Antofagasta,2020-06-03,80.17
02,Región de Antofagasta,2020-06-04,80.17
02,Región de Antofagasta,2020-06-05,81.03
02,Región de Antofagasta,2020-06-06,90.74
02,Región de Antofagasta,2020-06-07,84.26
02,Región de Antofagasta,2020-06-08,88.99
02,Región de Antofagasta,2020-06-09,87.18
02,Región de Antofagasta,2020-06-10,89.26
02,Región de Antofagasta,2020-06-11,87.6
02,Región de Antofagasta,2020-06-12,88.72
02,Región de Antofagasta,2020-06-13,85.12
02,Región de Antofagasta,2020-06-14,86.78
02,Región de Antofagasta,2020-06-15,95.04
02,Región de Antofagasta,2020-06-16,95.87
02,Región de Antofagasta,2020-06-17,90.91
02,Región de Antofagasta,2020-06-18,87.6
02,Región de Antofagasta,2020-06-19,95.04
02,Región de Antofagasta,2020-06-20,94.21
02,Región de Antofagasta,2020-06-21,92.62
02,Región de Antofagasta,2020-06-22,93.5
02,Región de Antofagasta,2020-06-23,92.74
02,Región de Antofagasta,2020-06-24,95.16
02,Región de Antofagasta,2020-06-25,92.74
02,Región de Antofagasta,2020-06-26,95.97
02,Región de Antofagasta,2020-06-27,94.35
02,Región de Antofagasta,2020-06-28,93.55
02,Región de Antofagasta,2020-06-29,96.77
02,Región de Antofagasta,2020-06-30,97.58
02,Región de Antofagasta,2020-07-01,98.37
02,Región de Antofagasta,2020-07-02,95.16
02,Región de Antofagasta,2020-07-04,92.25
02,Región de Antofagasta,2020-07-05,97.67
02,Región de Antofagasta,2020-07-06,96.12
02,Región de Antofagasta,2020-07-07,92.37
02,Región de Antofagasta,2020-07-08,90.15
02,Región de Antofagasta,2020-07-09,85.61
02,Región de Antofagasta,2020-07-10,85.61
02,Región de Antofagasta,2020-07-11,84.85
02,Región de Antofagasta,2020-07-12,90.91
02,Región de Antofagasta,2020-07-13,87.12
02,Región de Antofagasta,2020-07-14,90.15
02,Región de Antofagasta,2020-07-15,90.15
02,Región de Antofagasta,2020-07-17,93.75
02,Región de Antofagasta,2020-07-18,91.41
02,Región de Antofagasta,2020-07-19,90.4
02,Región de Antofagasta,2020-07-20,87.69
02,Región de Antofagasta,2020-07-21,91.6
02,Región de Antofagasta,2020-07-23,88.64
02,Región de Antofagasta,2020-07-24,86.36
02,Región de Antofagasta,2020-07-26,86.92
02,Región de Antofagasta,2020-07-27,92.19
02,Región de Antofagasta,2020-07-28,86.26
02,Región de Antofagasta,2020-07-30,84.09
02,Región de Antofagasta,2020-07-31,83.33
02,Región de Antofagasta,2020-08-02,93.39
02,Región de Antofagasta,2020-08-03,93.5
02,Región de Antofagasta,2020-08-06,90.08
02,Región de Antofagasta,2020-08-07,86.78
02,Región de Antofagasta,2020-08-08,82.64
02,Región de Antofagasta,2020-08-09,85.12
02,Región de Antofagasta,2020-08-10,81.82
02,Región de Antofagasta,2020-08-11,81.82
02,Región de Antofagasta,2020-08-12,81.82
02,Región de Antofagasta,2020-08-13,78.86
02,Región de Antofagasta,2020-08-14,80.17
03,Región de Atacama,2020-04-12,50.0
03,Región de Atacama,2020-04-13,35.71
03,Región de Atacama,2020-04-15,50.0
03,Región de Atacama,2020-04-16,50.0
03,Región de Atacama,2020-04-18,42.86
03,Región de Atacama,2020-04-19,42.86
03,Región de Atacama,2020-04-21,50.0
03,Región de Atacama,2020-04-22,42.86
03,Región de Atacama,2020-04-23,50.0
03,Región de Atacama,2020-04-29,78.57
03,Región de Atacama,2020-04-30,85.71
03,Región de Atacama,2020-05-01,85.71
03,Región de Atacama,2020-05-02,85.71
03,Región de Atacama,2020-05-03,71.43
03,Región de Atacama,2020-05-06,45.0
03,Región de Atacama,2020-05-07,60.0
03,Región de Atacama,2020-05-08,70.0
03,Región de Atacama,2020-05-09,50.0
03,Región de Atacama,2020-05-12,44.44
03,Región de Atacama,2020-05-13,40.74
03,Región de Atacama,2020-05-14,54.17
03,Región de Atacama,2020-05-15,58.33
03,Región de Atacama,2020-05-16,50.0
03,Región de Atacama,2020-05-17,50.0
03,Región de Atacama,2020-05-18,50.0
03,Región de Atacama,2020-05-19,54.17
03,Región de Atacama,2020-05-20,58.33
03,Región de Atacama,2020-05-21,50.0
03,Región de Atacama,2020-05-23,45.83
03,Región de Atacama,2020-05-24,45.83
03,Región de Atacama,2020-05-26,50.0
03,Región de Atacama,2020-05-27,54.17
03,Región de Atacama,2020-05-28,41.67
03,Región de Atacama,2020-05-29,33.33
03,Región de Atacama,2020-05-31,41.67
03,Región de Atacama,2020-06-01,37.5
03,Región de Atacama,2020-06-02,41.67
03,Región de Atacama,2020-06-03,37.5
03,Región de Atacama,2020-06-04,29.17
03,Región de Atacama,2020-06-05,54.17
03,Región de Atacama,2020-06-06,50.0
03,Región de Atacama,2020-06-07,54.17
03,Región de Atacama,2020-06-08,50.0
03,Región de Atacama,2020-06-09,50.0
03,Región de Atacama,2020-06-10,58.33
03,Región de Atacama,2020-06-11,66.67
03,Región de Atacama,2020-06-12,66.67
03,Región de Atacama,2020-06-13,58.33
03,Región de Atacama,2020-06-14,66.67
03,Región de Atacama,2020-06-15,58.33
03,Región de Atacama,2020-06-16,54.17
03,Región de Atacama,2020-06-17,66.67
03,Región de Atacama,2020-06-18,62.5
03,Región de Atacama,2020-06-19,66.67
03,Región de Atacama,2020-06-20,66.67
03,Región de Atacama,2020-06-21,62.5
03,Región de Atacama,2020-06-22,70.83
03,Región de Atacama,2020-06-23,66.67
03,Región de Atacama,2020-06-24,72.73
03,Región de Atacama,2020-06-25,66.67
03,Región de Atacama,2020-06-26,62.96
03,Región de Atacama,2020-06-27,66.67
03,Región de Atacama,2020-06-28,70.37
03,Región de Atacama,2020-06-29,70.37
03,Región de Atacama,2020-06-30,62.96
03,Región de Atacama,2020-07-01,70.37
03,Región de Atacama,2020-07-02,62.96
03,Región de Atacama,2020-07-04,59.26
03,Región de Atacama,2020-07-05,66.67
03,Región de Atacama,2020-07-06,62.96
03,Región de Atacama,2020-07-07,66.67
03,Región de Atacama,2020-07-08,55.56
03,Región de Atacama,2020-07-09,55.56
03,Región de Atacama,2020-07-10,55.56
03,Región de Atacama,2020-07-11,65.38
03,Región de Atacama,2020-07-12,64.0
03,Región de Atacama,2020-07-13,54.17
03,Región de Atacama,2020-07-14,53.85
03,Región de Atacama,2020-07-15,59.26
03,Región de Atacama,2020-07-17,77.78
03,Región de Atacama,2020-07-18,85.19
03,Región de Atacama,2020-07-19,88.89
03,Región de Atacama,2020-07-20,74.07
03,Región de Atacama,2020-07-21,81.48
03,Región de Atacama,2020-07-23,75.0
03,Región de Atacama,2020-07-24,67.86
03,Región de Atacama,2020-07-26,73.33
03,Región de Atacama,2020-07-27,82.14
03,Región de Atacama,2020-07-28,74.07
03,Región de Atacama,2020-07-30,62.96
03,Región de Atacama,2020-07-31,81.48
03,Región de Atacama,2020-08-02,66.67
03,Región de Atacama,2020-08-03,77.78
03,Región de Atacama,2020-08-06,73.33
03,Región de Atacama,2020-08-07,70.0
03,Región de Atacama,2020-08-08,63.33
03,Región de Atacama,2020-08-09,60.0
03,Región de Atacama,2020-08-10,62.07
03,Región de Atacama,2020-08-11,82.14
03,Región de Atacama,2020-08-12,65.52
03,Región de Atacama,2020-08-13,72.41
03,Región de Atacama,2020-08-14,72.41
04,Región de Coquimbo,2020-04-12,58.62
04,Región de Coquimbo,2020-04-13,51.72
04,Región de Coquimbo,2020-04-15,58.62
04,Región de Coquimbo,2020-04-16,68.97
04,Región de Coquimbo,2020-04-18,61.11
04,Región de Coquimbo,2020-04-19,61.11
04,Región de Coquimbo,2020-04-21,61.11
04,Región de Coquimbo,2020-04-22,52.78
04,Región de Coquimbo,2020-04-23,44.44
04,Región de Coquimbo,2020-04-29,54.05
04,Región de Coquimbo,2020-04-30,54.05
04,Región de Coquimbo,2020-05-01,45.95
04,Región de Coquimbo,2020-05-02,67.57
04,Región de Coquimbo,2020-05-03,54.05
04,Región de Coquimbo,2020-05-06,64.86
04,Región de Coquimbo,2020-05-07,53.85
04,Región de Coquimbo,2020-05-08,66.67
04,Región de Coquimbo,2020-05-09,56.41
04,Región de Coquimbo,2020-05-12,62.22
04,Región de Coquimbo,2020-05-13,79.49
04,Región de Coquimbo,2020-05-14,79.49
04,Región de Coquimbo,2020-05-15,64.1
04,Región de Coquimbo,2020-05-16,76.92
04,Región de Coquimbo,2020-05-17,74.36
04,Región de Coquimbo,2020-05-18,79.49
04,Región de Coquimbo,2020-05-19,69.23
04,Región de Coquimbo,2020-05-20,74.36
04,Región de Coquimbo,2020-05-21,71.79
04,Región de Coquimbo,2020-05-23,64.1
04,Región de Coquimbo,2020-05-24,69.23
04,Región de Coquimbo,2020-05-26,66.67
04,Región de Coquimbo,2020-05-27,74.36
04,Región de Coquimbo,2020-05-28,85.0
04,Región de Coquimbo,2020-05-29,75.0
04,Región de Coquimbo,2020-05-31,67.5
04,Región de Coquimbo,2020-06-01,75.61
04,Región de Coquimbo,2020-06-02,70.73
04,Región de Coquimbo,2020-06-03,65.85
04,Región de Coquimbo,2020-06-04,57.14
04,Región de Coquimbo,2020-06-05,69.05
04,Región de Coquimbo,2020-06-06,73.81
04,Región de Coquimbo,2020-06-07,61.9
04,Región de Coquimbo,2020-06-08,64.29
04,Región de Coquimbo,2020-06-09,71.43
04,Región de Coquimbo,2020-06-10,69.05
04,Región de Coquimbo,2020-06-11,64.29
04,Región de Coquimbo,2020-06-12,80.95
04,Región de Coquimbo,2020-06-13,83.33
04,Región de Coquimbo,2020-06-14,82.93
04,Región de Coquimbo,2020-06-15,78.57
04,Región de Coquimbo,2020-06-16,76.19
04,Región de Coquimbo,2020-06-17,80.95
04,Región de Coquimbo,2020-06-18,88.1
04,Región de Coquimbo,2020-06-19,88.1
04,Región de Coquimbo,2020-06-20,92.86
04,Región de Coquimbo,2020-06-21,83.33
04,Región de Coquimbo,2020-06-22,85.71
04,Región de Coquimbo,2020-06-23,97.62
04,Región de Coquimbo,2020-06-24,86.05
04,Región de Coquimbo,2020-06-25,80.43
04,Región de Coquimbo,2020-06-26,78.26
04,Región de Coquimbo,2020-06-27,78.26
04,Región de Coquimbo,2020-06-28,78.26
04,Región de Coquimbo,2020-06-29,84.78
04,Región de Coquimbo,2020-06-30,80.43
04,Región de Coquimbo,2020-07-01,83.93
04,Región de Coquimbo,2020-07-02,80.36
04,Región de Coquimbo,2020-07-04,75.0
04,Región de Coquimbo,2020-07-05,81.67
04,Región de Coquimbo,2020-07-06,85.0
04,Región de Coquimbo,2020-07-07,83.64
04,Región de Coquimbo,2020-07-08,86.67
04,Región de Coquimbo,2020-07-09,88.33
04,Región de Coquimbo,2020-07-10,76.67
04,Región de Coquimbo,2020-07-11,78.33
04,Región de Coquimbo,2020-07-12,71.67
04,Región de Coquimbo,2020-07-13,70.0
04,Región de Coquimbo,2020-07-14,73.33
04,Región de Coquimbo,2020-07-15,73.33
04,Región de Coquimbo,2020-07-17,73.33
04,Región de Coquimbo,2020-07-18,83.33
04,Región de Coquimbo,2020-07-19,86.67
04,Región de Coquimbo,2020-07-20,90.0
04,Región de Coquimbo,2020-07-21,88.33
04,Región de Coquimbo,2020-07-23,88.33
04,Región de Coquimbo,2020-07-24,86.67
04,Región de Coquimbo,2020-07-26,88.33
04,Región de Coquimbo,2020-07-27,91.67
04,Región de Coquimbo,2020-07-28,86.67
04,Región de Coquimbo,2020-07-30,88.33
04,Región de Coquimbo,2020-07-31,83.33
04,Región de Coquimbo,2020-08-02,73.33
04,Región de Coquimbo,2020-08-03,76.67
04,Región de Coquimbo,2020-08-06,80.0
04,Región de Coquimbo,2020-08-07,78.33
04,Región de Coquimbo,2020-08-08,80.0
04,Región de Coquimbo,2020-08-09,83.33
04,Región de Coquimbo,2020-08-10,88.33
04,Región de Coquimbo,2020-08-11,90.0
04,Región de Coquimbo,2020-08-12,98.33
04,Región de Coquimbo,2020-08-13,81.67
04,Región de Coquimbo,2020-08-14,78.33
05,Región de Valparaíso,2020-04-12,65.62
05,Región de Valparaíso,2020-04-13,65.0
05,Región de Valparaíso,2020-04-15,65.41
05,Región de Valparaíso,2020-04-16,66.23
05,Región de Valparaíso,2020-04-18,67.92
05,Región de Valparaíso,2020-04-19,68.55
05,Región de Valparaíso,2020-04-21,65.79
05,Región de Valparaíso,2020-04-22,68.21
05,Región de Valparaíso,2020-04-23,68.87
05,Región de Valparaíso,2020-04-29,64.56
05,Región de Valparaíso,2020-04-30,59.49
05,Región de Valparaíso,2020-05-01,53.8
05,Región de Valparaíso,2020-05-02,57.59
05,Región de Valparaíso,2020-05-03,60.13
05,Región de Valparaíso,2020-05-06,61.78
05,Región de Valparaíso,2020-05-07,70.25
05,Región de Valparaíso,2020-05-08,67.95
05,Región de Valparaíso,2020-05-09,68.59
05,Región de Valparaíso,2020-05-12,75.51
05,Región de Valparaíso,2020-05-13,72.44
05,Región de Valparaíso,2020-05-14,71.7
05,Región de Valparaíso,2020-05-15,70.25
05,Región de Valparaíso,2020-05-16,70.7
05,Región de Valparaíso,2020-05-17,73.12
05,Región de Valparaíso,2020-05-18,68.67
05,Región de Valparaíso,2020-05-19,73.62
05,Región de Valparaíso,2020-05-20,74.85
05,Región de Valparaíso,2020-05-21,77.91
05,Región de Valparaíso,2020-05-23,82.63
05,Región de Valparaíso,2020-05-24,85.14
05,Región de Valparaíso,2020-05-26,84.36
05,Región de Valparaíso,2020-05-27,85.47
05,Región de Valparaíso,2020-05-28,86.63
05,Región de Valparaíso,2020-05-29,85.48
05,Región de Valparaíso,2020-05-31,86.32
05,Región de Valparaíso,2020-06-01,85.86
05,Región de Valparaíso,2020-06-02,89.76
05,Región de Valparaíso,2020-06-03,88.32
05,Región de Valparaíso,2020-06-04,84.98
05,Región de Valparaíso,2020-06-05,84.47
05,Región de Valparaíso,2020-06-06,82.03
05,Región de Valparaíso,2020-06-07,82.33
05,Región de Valparaíso,2020-06-08,92.93
05,Región de Valparaíso,2020-06-09,84.47
05,Región de Valparaíso,2020-06-10,85.91
05,Región de Valparaíso,2020-06-11,86.34
05,Región de Valparaíso,2020-06-12,85.84
05,Región de Valparaíso,2020-06-13,87.95
05,Región de Valparaíso,2020-06-14,90.22
05,Región de Valparaíso,2020-06-15,88.44
05,Región de Valparaíso,2020-06-16,88.16
05,Región de Valparaíso,2020-06-17,88.5
05,Región de Valparaíso,2020-06-18,87.72
05,Región de Valparaíso,2020-06-19,86.9
05,Región de Valparaíso,2020-06-20,85.4
05,Región de Valparaíso,2020-06-21,82.74
05,Región de Valparaíso,2020-06-22,82.38
05,Región de Valparaíso,2020-06-23,85.53
05,Región de Valparaíso,2020-06-24,81.82
05,Región de Valparaíso,2020-06-25,79.31
05,Región de Valparaíso,2020-06-26,82.48
05,Región de Valparaíso,2020-06-27,87.23
05,Región de Valparaíso,2020-06-28,87.87
05,Región de Valparaíso,2020-06-29,89.54
05,Región de Valparaíso,2020-06-30,89.5
05,Región de Valparaíso,2020-07-01,87.45
05,Región de Valparaíso,2020-07-02,80.74
05,Región de Valparaíso,2020-07-04,85.66
05,Región de Valparaíso,2020-07-05,81.97
05,Región de Valparaíso,2020-07-06,86.01
05,Región de Valparaíso,2020-07-07,81.53
05,Región de Valparaíso,2020-07-08,82.73
05,Región de Valparaíso,2020-07-09,86.58
05,Región de Valparaíso,2020-07-10,83.91
05,Región de Valparaíso,2020-07-11,85.6
05,Región de Valparaíso,2020-07-12,85.54
05,Región de Valparaíso,2020-07-13,84.4
05,Región de Valparaíso,2020-07-14,87.55
05,Región de Valparaíso,2020-07-15,84.06
05,Región de Valparaíso,2020-07-17,81.67
05,Región de Valparaíso,2020-07-18,87.45
05,Región de Valparaíso,2020-07-19,82.59
05,Región de Valparaíso,2020-07-20,82.73
05,Región de Valparaíso,2020-07-21,83.26
05,Región de Valparaíso,2020-07-23,78.15
05,Región de Valparaíso,2020-07-24,80.83
05,Región de Valparaíso,2020-07-26,81.33
05,Región de Valparaíso,2020-07-27,83.4
05,Región de Valparaíso,2020-07-28,82.99
05,Región de Valparaíso,2020-07-30,76.99
05,Región de Valparaíso,2020-07-31,76.23
05,Región de Valparaíso,2020-08-02,73.53
05,Región de Valparaíso,2020-08-03,74.79
05,Región de Valparaíso,2020-08-06,79.66
05,Región de Valparaíso,2020-08-07,80.08
05,Región de Valparaíso,2020-08-08,78.11
05,Región de Valparaíso,2020-08-09,79.91
05,Región de Valparaíso,2020-08-10,70.85
05,Región de Valparaíso,2020-08-11,80.85
05,Región de Valparaíso,2020-08-12,78.72
05,Región de Valparaíso,2020-08-13,77.31
05,Región de Valparaíso,2020-08-14,75.52
06,Región del Libertador General Bernardo O'Higgins,2020-04-12,61.67
06,Región del Libertador General Bernardo O'Higgins,2020-04-13,55.74
06,Región del Libertador General Bernardo O'Higgins,2020-04-15,59.02
06,Región del Libertador General Bernardo O'Higgins,2020-04-16,62.3
06,Región del Libertador General Bernardo O'Higgins,2020-04-18,43.28
06,Región del Libertador General Bernardo O'Higgins,2020-04-19,61.19
06,Región del Libertador General Bernardo O'Higgins,2020-04-21,59.7
06,Región del Libertador General Bernardo O'Higgins,2020-04-22,50.75
06,Región del Libertador General Bernardo O'Higgins,2020-04-23,53.73
06,Región del Libertador General Bernardo O'Higgins,2020-04-29,67.14
06,Región del Libertador General Bernardo O'Higgins,2020-04-30,59.7
06,Región del Libertador General Bernardo O'Higgins,2020-05-01,60.0
06,Región del Libertador General Bernardo O'Higgins,2020-05-02,51.43
06,Región del Libertador General Bernardo O'Higgins,2020-05-03,57.14
06,Región del Libertador General Bernardo O'Higgins,2020-05-06,61.43
06,Región del Libertador General Bernardo O'Higgins,2020-05-07,62.69
06,Región del Libertador General Bernardo O'Higgins,2020-05-08,70.15
06,Región del Libertador General Bernardo O'Higgins,2020-05-09,70.15
06,Región del Libertador General Bernardo O'Higgins,2020-05-12,68.57
06,Región del Libertador General Bernardo O'Higgins,2020-05-13,63.24
06,Región del Libertador General Bernardo O'Higgins,2020-05-14,73.85
06,Región del Libertador General Bernardo O'Higgins,2020-05-15,74.24
06,Región del Libertador General Bernardo O'Higgins,2020-05-16,74.63
06,Región del Libertador General Bernardo O'Higgins,2020-05-17,77.46
06,Región del Libertador General Bernardo O'Higgins,2020-05-18,84.51
06,Región del Libertador General Bernardo O'Higgins,2020-05-19,89.04
06,Región del Libertador General Bernardo O'Higgins,2020-05-20,86.3
06,Región del Libertador General Bernardo O'Higgins,2020-05-21,84.72
06,Región del Libertador General Bernardo O'Higgins,2020-05-23,78.57
06,Región del Libertador General Bernardo O'Higgins,2020-05-24,90.7
06,Región del Libertador General Bernardo O'Higgins,2020-05-26,86.73
06,Región del Libertador General Bernardo O'Higgins,2020-05-27,83.67
06,Región del Libertador General Bernardo O'Higgins,2020-05-28,81.82
06,Región del Libertador General Bernardo O'Higgins,2020-05-29,85.71
06,Región del Libertador General Bernardo O'Higgins,2020-05-31,86.96
06,Región del Libertador General Bernardo O'Higgins,2020-06-01,89.36
06,Región del Libertador General Bernardo O'Higgins,2020-06-02,86.87
06,Región del Libertador General Bernardo O'Higgins,2020-06-03,87.25
06,Región del Libertador General Bernardo O'Higgins,2020-06-04,94.17
06,Región del Libertador General Bernardo O'Higgins,2020-06-05,93.94
06,Región del Libertador General Bernardo O'Higgins,2020-06-06,92.93
06,Región del Libertador General Bernardo O'Higgins,2020-06-07,95.92
06,Región del Libertador General Bernardo O'Higgins,2020-06-08,90.48
06,Región del Libertador General Bernardo O'Higgins,2020-06-09,87.85
06,Región del Libertador General Bernardo O'Higgins,2020-06-10,87.85
06,Región del Libertador General Bernardo O'Higgins,2020-06-11,94.5
06,Región del Libertador General Bernardo O'Higgins,2020-06-12,89.29
06,Región del Libertador General Bernardo O'Higgins,2020-06-13,87.93
06,Región del Libertador General Bernardo O'Higgins,2020-06-14,90.52
06,Región del Libertador General Bernardo O'Higgins,2020-06-15,96.67
06,Región del Libertador General Bernardo O'Higgins,2020-06-16,94.87
06,Región del Libertador General Bernardo O'Higgins,2020-06-17,92.0
06,Región del Libertador General Bernardo O'Higgins,2020-06-18,90.0
06,Región del Libertador General Bernardo O'Higgins,2020-06-19,89.31
06,Región del Libertador General Bernardo O'Higgins,2020-06-20,86.26
06,Región del Libertador General Bernardo O'Higgins,2020-06-21,89.31
06,Región del Libertador General Bernardo O'Higgins,2020-06-22,88.55
06,Región del Libertador General Bernardo O'Higgins,2020-06-23,91.54
06,Región del Libertador General Bernardo O'Higgins,2020-06-24,85.5
06,Región del Libertador General Bernardo O'Higgins,2020-06-25,80.77
06,Región del Libertador General Bernardo O'Higgins,2020-06-26,85.5
06,Región del Libertador General Bernardo O'Higgins,2020-06-27,89.31
06,Región del Libertador General Bernardo O'Higgins,2020-06-28,88.55
06,Región del Libertador General Bernardo O'Higgins,2020-06-29,92.37
06,Región del Libertador General Bernardo O'Higgins,2020-06-30,91.54
06,Región del Libertador General Bernardo O'Higgins,2020-07-01,90.77
06,Región del Libertador General Bernardo O'Higgins,2020-07-02,91.41
06,Región del Libertador General Bernardo O'Higgins,2020-07-04,88.55
06,Región del Libertador General Bernardo O'Higgins,2020-07-05,88.64
06,Región del Libertador General Bernardo O'Higgins,2020-07-06,87.6
06,Región del Libertador General Bernardo O'Higgins,2020-07-07,84.5
06,Región del Libertador General Bernardo O'Higgins,2020-07-08,80.92
06,Región del Libertador General Bernardo O'Higgins,2020-07-09,82.95
06,Región del Libertador General Bernardo O'Higgins,2020-07-10,84.73
06,Región del Libertador General Bernardo O'Higgins,2020-07-11,90.08
06,Región del Libertador General Bernardo O'Higgins,2020-07-12,89.92
06,Región del Libertador General Bernardo O'Higgins,2020-07-13,87.69
06,Región del Libertador General Bernardo O'Higgins,2020-07-14,82.09
06,Región del Libertador General Bernardo O'Higgins,2020-07-15,80.6
06,Región del Libertador General Bernardo O'Higgins,2020-07-17,76.69
06,Región del Libertador General Bernardo O'Higgins,2020-07-18,81.34
06,Región del Libertador General Bernardo O'Higgins,2020-07-19,81.95
06,Región del Libertador General Bernardo O'Higgins,2020-07-20,83.08
06,Región del Libertador General Bernardo O'Higgins,2020-07-21,81.54
06,Región del Libertador General Bernardo O'Higgins,2020-07-23,77.86
06,Región del Libertador General Bernardo O'Higgins,2020-07-24,76.52
06,Región del Libertador General Bernardo O'Higgins,2020-07-26,78.95
06,Región del Libertador General Bernardo O'Higgins,2020-07-27,72.93
06,Región del Libertador General Bernardo O'Higgins,2020-07-28,72.66
06,Región del Libertador General Bernardo O'Higgins,2020-07-30,71.88
06,Región del Libertador General Bernardo O'Higgins,2020-07-31,77.6
06,Región del Libertador General Bernardo O'Higgins,2020-08-02,76.92
06,Región del Libertador General Bernardo O'Higgins,2020-08-03,76.03
06,Región del Libertador General Bernardo O'Higgins,2020-08-06,73.33
06,Región del Libertador General Bernardo O'Higgins,2020-08-07,71.55
06,Región del Libertador General Bernardo O'Higgins,2020-08-08,72.65
06,Región del Libertador General Bernardo O'Higgins,2020-08-09,68.1
06,Región del Libertador General Bernardo O'Higgins,2020-08-10,77.36
06,Región del Libertador General Bernardo O'Higgins,2020-08-11,75.73
06,Región del Libertador General Bernardo O'Higgins,2020-08-12,78.12
06,Región del Libertador General Bernardo O'Higgins,2020-08-13,82.42
06,Región del Libertador General Bernardo O'Higgins,2020-08-14,76.67
07,Región del Maule,2020-04-12,56.86
07,Región del Maule,2020-04-13,60.78
07,Región del Maule,2020-04-15,62.75
07,Región del Maule,2020-04-16,56.86
07,Región del Maule,2020-04-18,52.94
07,Región del Maule,2020-04-19,58.82
07,Región del Maule,2020-04-21,56.86
07,Región del Maule,2020-04-22,58.82
07,Región del Maule,2020-04-23,62.75
07,Región del Maule,2020-04-29,68.63
07,Región del Maule,2020-04-30,66.67
07,Región del Maule,2020-05-01,62.75
07,Región del Maule,2020-05-02,64.71
07,Región del Maule,2020-05-03,58.82
07,Región del Maule,2020-05-06,54.9
07,Región del Maule,2020-05-07,54.9
07,Región del Maule,2020-05-08,56.86
07,Región del Maule,2020-05-09,62.75
07,Región del Maule,2020-05-12,50.0
07,Región del Maule,2020-05-13,45.1
07,Región del Maule,2020-05-14,62.75
07,Región del Maule,2020-05-15,68.63
07,Región del Maule,2020-05-16,64.71
07,Región del Maule,2020-05-17,35.42
07,Región del Maule,2020-05-18,60.78
07,Región del Maule,2020-05-19,54.9
07,Región del Maule,2020-05-20,62.75
07,Región del Maule,2020-05-21,68.63
07,Región del Maule,2020-05-23,84.0
07,Región del Maule,2020-05-24,84.0
07,Región del Maule,2020-05-26,89.8
07,Región del Maule,2020-05-27,80.36
07,Región del Maule,2020-05-28,83.93
07,Región del Maule,2020-05-29,91.07
07,Región del Maule,2020-05-31,80.7
07,Región del Maule,2020-06-01,85.96
07,Región del Maule,2020-06-02,85.71
07,Región del Maule,2020-06-03,93.22
07,Región del Maule,2020-06-04,95.0
07,Región del Maule,2020-06-05,93.55
07,Región del Maule,2020-06-06,93.94
07,Región del Maule,2020-06-07,81.69
07,Región del Maule,2020-06-08,91.43
07,Región del Maule,2020-06-09,91.55
07,Región del Maule,2020-06-10,85.92
07,Región del Maule,2020-06-11,89.04
07,Región del Maule,2020-06-12,79.45
07,Región del Maule,2020-06-13,81.33
07,Región del Maule,2020-06-14,94.52
07,Región del Maule,2020-06-15,93.15
07,Región del Maule,2020-06-16,84.0
07,Región del Maule,2020-06-17,94.05
07,Región del Maule,2020-06-18,88.46
07,Región del Maule,2020-06-19,88.46
07,Región del Maule,2020-06-20,79.49
07,Región del Maule,2020-06-21,87.18
07,Región del Maule,2020-06-22,88.46
07,Región del Maule,2020-06-23,84.15
07,Región del Maule,2020-06-24,81.25
07,Región del Maule,2020-06-25,78.05
07,Región del Maule,2020-06-26,79.78
07,Región del Maule,2020-06-27,79.12
07,Región del Maule,2020-06-28,78.02
07,Región del Maule,2020-06-29,88.76
07,Región del Maule,2020-06-30,76.92
07,Región del Maule,2020-07-01,76.4
07,Región del Maule,2020-07-02,80.9
07,Región del Maule,2020-07-04,71.91
07,Región del Maule,2020-07-05,80.68
07,Región del Maule,2020-07-06,86.21
07,Región del Maule,2020-07-07,80.68
07,Región del Maule,2020-07-08,78.41
07,Región del Maule,2020-07-09,71.59
07,Región del Maule,2020-07-10,76.4
07,Región del Maule,2020-07-11,68.54
07,Región del Maule,2020-07-12,83.15
07,Región del Maule,2020-07-13,75.25
07,Región del Maule,2020-07-14,80.2
07,Región del Maule,2020-07-15,76.24
07,Región del Maule,2020-07-17,82.65
07,Región del Maule,2020-07-18,80.41
07,Región del Maule,2020-07-19,68.32
07,Región del Maule,2020-07-20,86.14
07,Región del Maule,2020-07-21,82.18
07,Región del Maule,2020-07-23,81.19
07,Región del Maule,2020-07-24,84.0
07,Región del Maule,2020-07-26,77.78
07,Región del Maule,2020-07-27,72.0
07,Región del Maule,2020-07-28,74.23
07,Región del Maule,2020-07-30,67.68
07,Región del Maule,2020-07-31,64.36
07,Región del Maule,2020-08-02,65.35
07,Región del Maule,2020-08-03,67.33
07,Región del Maule,2020-08-06,66.34
07,Región del Maule,2020-08-07,67.68
07,Región del Maule,2020-08-08,57.14
07,Región del Maule,2020-08-09,57.73
07,Región del Maule,2020-08-10,69.39
07,Región del Maule,2020-08-11,66.67
07,Región del Maule,2020-08-12,54.08
07,Región del Maule,2020-08-13,66.67
07,Región del Maule,2020-08-14,58.59
08,Región del Bíobío,2020-04-12,73.87
08,Región del Bíobío,2020-04-13,68.42
08,Región del Bíobío,2020-04-15,60.53
08,Región del Bíobío,2020-04-16,50.85
08,Región del Bíobío,2020-04-18,54.24
08,Región del Bíobío,2020-04-19,53.23
08,Región del Bíobío,2020-04-21,49.19
08,Región del Bíobío,2020-04-22,54.92
08,Región del Bíobío,2020-04-23,53.72
08,Región del Bíobío,2020-04-29,54.17
08,Región del Bíobío,2020-04-30,51.67
08,Región del Bíobío,2020-05-01,50.83
08,Región del Bíobío,2020-05-02,49.17
08,Región del Bíobío,2020-05-03,53.77
08,Región del Bíobío,2020-05-06,51.69
08,Región del Bíobío,2020-05-07,55.83
08,Región del Bíobío,2020-05-08,50.83
08,Región del Bíobío,2020-05-09,55.93
08,Región del Bíobío,2020-05-12,49.61
08,Región del Bíobío,2020-05-13,48.84
08,Región del Bíobío,2020-05-14,46.51
08,Región del Bíobío,2020-05-15,45.11
08,Región del Bíobío,2020-05-16,44.19
08,Región del Bíobío,2020-05-17,51.56
08,Región del Bíobío,2020-05-18,48.84
08,Región del Bíobío,2020-05-19,51.16
08,Región del Bíobío,2020-05-20,57.48
08,Región del Bíobío,2020-05-21,51.97
08,Región del Bíobío,2020-05-23,57.35
08,Región del Bíobío,2020-05-24,54.81
08,Región del Bíobío,2020-05-26,54.81
08,Región del Bíobío,2020-05-27,64.03
08,Región del Bíobío,2020-05-28,58.7
08,Región del Bíobío,2020-05-29,60.58
08,Región del Bíobío,2020-05-31,69.78
08,Región del Bíobío,2020-06-01,65.94
08,Región del Bíobío,2020-06-02,69.78
08,Región del Bíobío,2020-06-03,70.47
08,Región del Bíobío,2020-06-04,63.98
08,Región del Bíobío,2020-06-05,67.5
08,Región del Bíobío,2020-06-06,67.5
08,Región del Bíobío,2020-06-07,64.6
08,Región del Bíobío,2020-06-08,66.46
08,Región del Bíobío,2020-06-09,68.75
08,Región del Bíobío,2020-06-10,72.5
08,Región del Bíobío,2020-06-11,74.85
08,Región del Bíobío,2020-06-12,71.95
08,Región del Bíobío,2020-06-13,71.95
08,Región del Bíobío,2020-06-14,72.56
08,Región del Bíobío,2020-06-15,71.34
08,Región del Bíobío,2020-06-16,72.56
08,Región del Bíobío,2020-06-17,68.9
08,Región del Bíobío,2020-06-18,70.73
08,Región del Bíobío,2020-06-19,71.95
08,Región del Bíobío,2020-06-20,75.61
08,Región del Bíobío,2020-06-21,75.76
08,Región del Bíobío,2020-06-22,78.18
08,Región del Bíobío,2020-06-23,75.15
08,Región del Bíobío,2020-06-24,74.1
08,Región del Bíobío,2020-06-25,77.84
08,Región del Bíobío,2020-06-26,75.76
08,Región del Bíobío,2020-06-27,73.94
08,Región del Bíobío,2020-06-28,77.58
08,Región del Bíobío,2020-06-29,80.24
08,Región del Bíobío,2020-06-30,77.71
08,Región del Bíobío,2020-07-01,76.36
08,Región del Bíobío,2020-07-02,76.05
08,Región del Bíobío,2020-07-04,77.98
08,Región del Bíobío,2020-07-05,75.45
08,Región del Bíobío,2020-07-06,73.49
08,Región del Bíobío,2020-07-07,72.46
08,Región del Bíobío,2020-07-08,71.75
08,Región del Bíobío,2020-07-09,74.58
08,Región del Bíobío,2020-07-10,71.19
08,Región del Bíobío,2020-07-11,68.93
08,Región del Bíobío,2020-07-12,71.75
08,Región del Bíobío,2020-07-13,70.06
08,Región del Bíobío,2020-07-14,72.88
08,Región del Bíobío,2020-07-15,65.54
08,Región del Bíobío,2020-07-17,73.45
08,Región del Bíobío,2020-07-18,72.22
08,Región del Bíobío,2020-07-19,75.42
08,Región del Bíobío,2020-07-20,75.98
08,Región del Bíobío,2020-07-21,73.65
08,Región del Bíobío,2020-07-23,71.52
08,Región del Bíobío,2020-07-24,77.25
08,Región del Bíobío,2020-07-26,79.5
08,Región del Bíobío,2020-07-27,74.53
08,Región del Bíobío,2020-07-28,75.76
08,Región del Bíobío,2020-07-30,75.44
08,Región del Bíobío,2020-07-31,76.61
08,Región del Bíobío,2020-08-02,76.33
08,Región del Bíobío,2020-08-03,78.95
08,Región del Bíobío,2020-08-06,78.33
08,Región del Bíobío,2020-08-07,78.77
08,Región del Bíobío,2020-08-08,71.67
08,Región del Bíobío,2020-08-09,75.0
08,Región del Bíobío,2020-08-10,72.73
08,Región del Bíobío,2020-08-11,66.67
08,Región del Bíobío,2020-08-12,68.51
08,Región del Bíobío,2020-08-13,69.49
08,Región del Bíobío,2020-08-14,72.32
9,Región de La Araucanía,2020-04-12,81.52
9,Región de La Araucanía,2020-04-13,81.0
9,Región de La Araucanía,2020-04-15,65.22
9,Región de La Araucanía,2020-04-16,78.57
9,Región de La Araucanía,2020-04-18,64.77
9,Región de La Araucanía,2020-04-19,68.6
9,Región de La Araucanía,2020-04-21,68.48
9,Región de La Araucanía,2020-04-22,67.44
9,Región de La Araucanía,2020-04-23,74.7
9,Región de La Araucanía,2020-04-29,57.14
9,Región de La Araucanía,2020-04-30,58.33
9,Región de La Araucanía,2020-05-01,57.14
9,Región de La Araucanía,2020-05-02,59.52
9,Región de La Araucanía,2020-05-03,61.45
9,Región de La Araucanía,2020-05-06,73.24
9,Región de La Araucanía,2020-05-07,74.65
9,Región de La Araucanía,2020-05-08,69.01
9,Región de La Araucanía,2020-05-09,70.59
9,Región de La Araucanía,2020-05-12,72.46
9,Región de La Araucanía,2020-05-13,58.33
9,Región de La Araucanía,2020-05-14,71.23
9,Región de La Araucanía,2020-05-15,71.83
9,Región de La Araucanía,2020-05-16,72.86
9,Región de La Araucanía,2020-05-17,67.14
9,Región de La Araucanía,2020-05-18,69.12
9,Región de La Araucanía,2020-05-19,69.7
9,Región de La Araucanía,2020-05-20,63.24
9,Región de La Araucanía,2020-05-21,68.66
9,Región de La Araucanía,2020-05-23,70.31
9,Región de La Araucanía,2020-05-24,62.69
9,Región de La Araucanía,2020-05-26,72.31
9,Región de La Araucanía,2020-05-27,65.62
9,Región de La Araucanía,2020-05-28,57.58
9,Región de La Araucanía,2020-05-29,58.82
9,Región de La Araucanía,2020-05-31,65.67
9,Región de La Araucanía,2020-06-01,69.35
9,Región de La Araucanía,2020-06-02,67.19
9,Región de La Araucanía,2020-06-03,60.94
9,Región de La Araucanía,2020-06-04,56.72
9,Región de La Araucanía,2020-06-05,62.69
9,Región de La Araucanía,2020-06-06,57.14
9,Región de La Araucanía,2020-06-07,63.77
9,Región de La Araucanía,2020-06-08,58.97
9,Región de La Araucanía,2020-06-09,59.42
9,Región de La Araucanía,2020-06-10,67.65
9,Región de La Araucanía,2020-06-11,60.61
9,Región de La Araucanía,2020-06-12,70.59
9,Región de La Araucanía,2020-06-13,67.69
9,Región de La Araucanía,2020-06-14,74.19
9,Región de La Araucanía,2020-06-15,75.38
9,Región de La Araucanía,2020-06-16,82.81
9,Región de La Araucanía,2020-06-17,74.63
9,Región de La Araucanía,2020-06-18,73.13
9,Región de La Araucanía,2020-06-19,76.56
9,Región de La Araucanía,2020-06-20,84.75
9,Región de La Araucanía,2020-06-21,82.76
9,Región de La Araucanía,2020-06-22,88.14
9,Región de La Araucanía,2020-06-23,88.52
9,Región de La Araucanía,2020-06-24,81.82
9,Región de La Araucanía,2020-06-25,87.69
9,Región de La Araucanía,2020-06-26,80.3
9,Región de La Araucanía,2020-06-27,78.46
9,Región de La Araucanía,2020-06-28,84.62
9,Región de La Araucanía,2020-06-29,89.55
9,Región de La Araucanía,2020-06-30,72.97
9,Región de La Araucanía,2020-07-01,75.0
9,Región de La Araucanía,2020-07-02,79.41
9,Región de La Araucanía,2020-07-04,77.42
9,Región de La Araucanía,2020-07-05,76.19
9,Región de La Araucanía,2020-07-06,74.19
9,Región de La Araucanía,2020-07-07,80.65
9,Región de La Araucanía,2020-07-08,77.27
9,Región de La Araucanía,2020-07-09,81.25
9,Región de La Araucanía,2020-07-10,82.54
9,Región de La Araucanía,2020-07-11,82.81
9,Región de La Araucanía,2020-07-12,85.96
9,Región de La Araucanía,2020-07-13,82.76
9,Región de La Araucanía,2020-07-14,75.76
9,Región de La Araucanía,2020-07-15,72.73
9,Región de La Araucanía,2020-07-17,81.25
9,Región de La Araucanía,2020-07-18,82.35
9,Región de La Araucanía,2020-07-19,83.33
9,Región de La Araucanía,2020-07-20,76.12
9,Región de La Araucanía,2020-07-21,75.71
9,Región de La Araucanía,2020-07-23,79.41
9,Región de La Araucanía,2020-07-24,83.58
9,Región de La Araucanía,2020-07-26,86.96
9,Región de La Araucanía,2020-07-27,81.16
9,Región de La Araucanía,2020-07-28,86.96
9,Región de La Araucanía,2020-07-30,89.86
9,Región de La Araucanía,2020-07-31,92.42
9,Región de La Araucanía,2020-08-02,86.96
9,Región de La Araucanía,2020-08-03,86.96
9,Región de La Araucanía,2020-08-06,81.25
9,Región de La Araucanía,2020-08-07,85.48
9,Región de La Araucanía,2020-08-08,74.19
9,Región de La Araucanía,2020-08-09,71.01
9,Región de La Araucanía,2020-08-10,69.57
9,Región de La Araucanía,2020-08-11,65.62
9,Región de La Araucanía,2020-08-12,62.69
9,Región de La Araucanía,2020-08-13,65.67
9,Región de La Araucanía,2020-08-14,81.82
10,Región de Los Lagos,2020-04-12,83.08
10,Región de Los Lagos,2020-04-13,87.69
10,Región de Los Lagos,2020-04-15,86.15
10,Región de Los Lagos,2020-04-16,87.69
10,Región de Los Lagos,2020-04-18,85.07
10,Región de Los Lagos,2020-04-19,81.54
10,Región de Los Lagos,2020-04-21,81.54
10,Región de Los Lagos,2020-04-22,76.92
10,Región de Los Lagos,2020-04-23,71.88
10,Región de Los Lagos,2020-04-29,78.08
10,Región de Los Lagos,2020-04-30,76.71
10,Región de Los Lagos,2020-05-01,72.6
10,Región de Los Lagos,2020-05-02,77.33
10,Región de Los Lagos,2020-05-03,72.0
10,Región de Los Lagos,2020-05-06,76.0
10,Región de Los Lagos,2020-05-07,74.67
10,Región de Los Lagos,2020-05-08,74.67
10,Región de Los Lagos,2020-05-09,69.33
10,Región de Los Lagos,2020-05-12,73.42
10,Región de Los Lagos,2020-05-13,73.42
10,Región de Los Lagos,2020-05-14,75.95
10,Región de Los Lagos,2020-05-15,68.35
10,Región de Los Lagos,2020-05-16,73.42
10,Región de Los Lagos,2020-05-17,70.89
10,Región de Los Lagos,2020-05-18,76.54
10,Región de Los Lagos,2020-05-19,69.88
10,Región de Los Lagos,2020-05-20,68.67
10,Región de Los Lagos,2020-05-21,67.09
10,Región de Los Lagos,2020-05-23,67.09
10,Región de Los Lagos,2020-05-24,70.89
10,Región de Los Lagos,2020-05-26,74.68
10,Región de Los Lagos,2020-05-27,69.62
10,Región de Los Lagos,2020-05-28,65.88
10,Región de Los Lagos,2020-05-29,63.53
10,Región de Los Lagos,2020-05-31,62.35
10,Región de Los Lagos,2020-06-01,67.44
10,Región de Los Lagos,2020-06-02,62.79
10,Región de Los Lagos,2020-06-03,66.28
10,Región de Los Lagos,2020-06-04,62.79
10,Región de Los Lagos,2020-06-05,60.47
10,Región de Los Lagos,2020-06-06,65.91
10,Región de Los Lagos,2020-06-07,61.96
10,Región de Los Lagos,2020-06-08,64.13
10,Región de Los Lagos,2020-06-09,58.7
10,Región de Los Lagos,2020-06-10,54.35
10,Región de Los Lagos,2020-06-11,62.22
10,Región de Los Lagos,2020-06-12,65.56
10,Región de Los Lagos,2020-06-13,68.89
10,Región de Los Lagos,2020-06-14,66.67
10,Región de Los Lagos,2020-06-15,71.11
10,Región de Los Lagos,2020-06-16,71.11
10,Región de Los Lagos,2020-06-17,73.33
10,Región de Los Lagos,2020-06-18,75.56
10,Región de Los Lagos,2020-06-19,76.67
10,Región de Los Lagos,2020-06-20,74.44
10,Región de Los Lagos,2020-06-21,82.22
10,Región de Los Lagos,2020-06-22,72.22
10,Región de Los Lagos,2020-06-23,78.26
10,Región de Los Lagos,2020-06-24,76.09
10,Región de Los Lagos,2020-06-25,73.91
10,Región de Los Lagos,2020-06-26,72.83
10,Región de Los Lagos,2020-06-27,72.83
10,Región de Los Lagos,2020-06-28,67.39
10,Región de Los Lagos,2020-06-29,68.48
10,Región de Los Lagos,2020-06-30,68.48
10,Región de Los Lagos,2020-07-01,64.13
10,Región de Los Lagos,2020-07-02,66.3
10,Región de Los Lagos,2020-07-04,66.3
10,Región de Los Lagos,2020-07-05,60.87
10,Región de Los Lagos,2020-07-06,66.3
10,Región de Los Lagos,2020-07-07,65.96
10,Región de Los Lagos,2020-07-08,64.89
10,Región de Los Lagos,2020-07-09,70.21
10,Región de Los Lagos,2020-07-10,71.28
10,Región de Los Lagos,2020-07-11,63.16
10,Región de Los Lagos,2020-07-12,63.16
10,Región de Los Lagos,2020-07-13,67.37
10,Región de Los Lagos,2020-07-14,60.42
10,Región de Los Lagos,2020-07-15,67.65
10,Región de Los Lagos,2020-07-17,68.63
10,Región de Los Lagos,2020-07-18,67.33
10,Región de Los Lagos,2020-07-19,65.35
10,Región de Los Lagos,2020-07-20,66.34
10,Región de Los Lagos,2020-07-21,57.43
10,Región de Los Lagos,2020-07-23,56.44
10,Región de Los Lagos,2020-07-24,58.25
10,Región de Los Lagos,2020-07-26,63.11
10,Región de Los Lagos,2020-07-27,62.14
10,Región de Los Lagos,2020-07-28,66.02
10,Región de Los Lagos,2020-07-30,69.9
10,Región de Los Lagos,2020-07-31,68.37
10,Región de Los Lagos,2020-08-02,66.33
10,Región de Los Lagos,2020-08-03,68.37
10,Región de Los Lagos,2020-08-06,63.92
10,Región de Los Lagos,2020-08-07,64.95
10,Región de Los Lagos,2020-08-08,61.86
10,Región de Los Lagos,2020-08-09,62.89
10,Región de Los Lagos,2020-08-10,62.89
10,Región de Los Lagos,2020-08-11,56.7
10,Región de Los Lagos,2020-08-12,58.76
10,Región de Los Lagos,2020-08-13,59.79
10,Región de Los Lagos,2020-08-14,51.55
11,Región de Aysén del General Carlos Ibáñez del Campo,2020-04-12,25.0
11,Región de Aysén del General Carlos Ibáñez del Campo,2020-04-13,25.0
11,Región de Aysén del General Carlos Ibáñez del Campo,2020-04-15,37.5
11,Región de Aysén del General Carlos Ibáñez del Campo,2020-04-16,25.0
11,Región de Aysén del General Carlos Ibáñez del Campo,2020-04-18,12.5
11,Región de Aysén del General Carlos Ibáñez del Campo,2020-04-19,12.5
11,Región de Aysén del General Carlos Ibáñez del Campo,2020-04-21,12.5
11,Región de Aysén del General Carlos Ibáñez del Campo,2020-04-22,12.5
11,Región de Aysén del General Carlos Ibáñez del Campo,2020-04-23,12.5
11,Región de Aysén del General Carlos Ibáñez del Campo,2020-04-29,12.5
11,Región de Aysén del General Carlos Ibáñez del Campo,2020-04-30,12.5
11,Región de Aysén del General Carlos Ibáñez del Campo,2020-05-01,12.5
11,Región de Aysén del General Carlos Ibáñez del Campo,2020-05-02,12.5
11,Región de Aysén del General Carlos Ibáñez del Campo,2020-05-03,12.5
11,Región de Aysén del General Carlos Ibáñez del Campo,2020-05-06,37.5
11,Región de Aysén del General Carlos Ibáñez del Campo,2020-05-07,37.5
11,Región de Aysén del General Carlos Ibáñez del Campo,2020-05-08,37.5
11,Región de Aysén del General Carlos Ibáñez del Campo,2020-05-09,50.0
11,Región de Aysén del General Carlos Ibáñez del Campo,2020-05-12,50.0
11,Región de Aysén del General Carlos Ibáñez del Campo,2020-05-13,37.5
11,Región de Aysén del General Carlos Ibáñez del Campo,2020-05-14,50.0
11,Región de Aysén del General Carlos Ibáñez del Campo,2020-05-15,87.5
11,Región de Aysén del General Carlos Ibáñez del Campo,2020-05-16,50.0
11,Región de Aysén del General Carlos Ibáñez del Campo,2020-05-17,50.0
11,Región de Aysén del General Carlos Ibáñez del Campo,2020-05-18,50.0
11,Región de Aysén del General Carlos Ibáñez del Campo,2020-05-19,50.0
11,Región de Aysén del General Carlos Ibáñez del Campo,2020-05-20,50.0
11,Región de Aysén del General Carlos Ibáñez del Campo,2020-05-21,37.5
11,Región de Aysén del General Carlos Ibáñez del Campo,2020-05-23,25.0
11,Región de Aysén del General Carlos Ibáñez del Campo,2020-05-24,25.0
11,Región de Aysén del General Carlos Ibáñez del Campo,2020-05-26,25.0
11,Región de Aysén del General Carlos Ibáñez del Campo,2020-05-27,50.0
11,Región de Aysén del General Carlos Ibáñez del Campo,2020-05-28,37.5
11,Región de Aysén del General Carlos Ibáñez del Campo,2020-05-29,37.5
11,Región de Aysén del General Carlos Ibáñez del Campo,2020-05-31,25.0
11,Región de Aysén del General Carlos Ibáñez del Campo,2020-06-01,12.5
11,Región de Aysén del General Carlos Ibáñez del Campo,2020-06-02,25.0
11,Región de Aysén del General Carlos Ibáñez del Campo,2020-06-03,25.0
11,Región de Aysén del General Carlos Ibáñez del Campo,2020-06-04,25.0
11,Región de Aysén del General Carlos Ibáñez del Campo,2020-06-05,25.0
11,Región de Aysén del General Carlos Ibáñez del Campo,2020-06-06,25.0
11,Región de Aysén del General Carlos Ibáñez del Campo,2020-06-07,37.5
11,Región de Aysén del General Carlos Ibáñez del Campo,2020-06-08,25.0
11,Región de Aysén del General Carlos Ibáñez del Campo,2020-06-09,25.0
11,Región de Aysén del General Carlos Ibáñez del Campo,2020-06-10,25.0
11,Región de Aysén del General Carlos Ibáñez del Campo,2020-06-11,25.0
11,Región de Aysén del General Carlos Ibáñez del Campo,2020-06-12,25.0
11,Región de Aysén del General Carlos Ibáñez del Campo,2020-06-13,25.0
11,Región de Aysén del General Carlos Ibáñez del Campo,2020-06-14,25.0
11,Región de Aysén del General Carlos Ibáñez del Campo,2020-06-15,25.0
11,Región de Aysén del General Carlos Ibáñez del Campo,2020-06-16,50.0
11,Región de Aysén del General Carlos Ibáñez del Campo,2020-06-17,50.0
11,Región de Aysén del General Carlos Ibáñez del Campo,2020-06-18,62.5
11,Región de Aysén del General Carlos Ibáñez del Campo,2020-06-19,62.5
11,Región de Aysén del General Carlos Ibáñez del Campo,2020-06-20,62.5
11,Región de Aysén del General Carlos Ibáñez del Campo,2020-06-21,50.0
11,Región de Aysén del General Carlos Ibáñez del Campo,2020-06-22,50.0
11,Región de Aysén del General Carlos Ibáñez del Campo,2020-06-23,37.5
11,Región de Aysén del General Carlos Ibáñez del Campo,2020-06-24,50.0
11,Región de Aysén del General Carlos Ibáñez del Campo,2020-06-25,37.5
11,Región de Aysén del General Carlos Ibáñez del Campo,2020-06-26,50.0
11,Región de Aysén del General Carlos Ibáñez del Campo,2020-06-27,62.5
11,Región de Aysén del General Carlos Ibáñez del Campo,2020-06-28,62.5
11,Región de Aysén del General Carlos Ibáñez del Campo,2020-06-29,62.5
11,Región de Aysén del General Carlos Ibáñez del Campo,2020-06-30,87.5
11,Región de Aysén del General Carlos Ibáñez del Campo,2020-07-01,87.5
11,Región de Aysén del General Carlos Ibáñez del Campo,2020-07-02,75.0
11,Región de Aysén del General Carlos Ibáñez del Campo,2020-07-04,50.0
11,Región de Aysén del General Carlos Ibáñez del Campo,2020-07-05,50.0
11,Región de Aysén del General Carlos Ibáñez del Campo,2020-07-06,75.0
11,Región de Aysén del General Carlos Ibáñez del Campo,2020-07-07,37.5
11,Región de Aysén del General Carlos Ibáñez del Campo,2020-07-08,50.0
11,Región de Aysén del General Carlos Ibáñez del Campo,2020-07-09,37.5
11,Región de Aysén del General Carlos Ibáñez del Campo,2020-07-10,37.5
11,Región de Aysén del General Carlos Ibáñez del Campo,2020-07-11,50.0
11,Región de Aysén del General Carlos Ibáñez del Campo,2020-07-12,62.5
11,Región de Aysén del General Carlos Ibáñez del Campo,2020-07-13,75.0
11,Región de Aysén del General Carlos Ibáñez del Campo,2020-07-14,50.0
11,Región de Aysén del General Carlos Ibáñez del Campo,2020-07-15,37.5
11,Región de Aysén del General Carlos Ibáñez del Campo,2020-07-17,50.0
11,Región de Aysén del General Carlos Ibáñez del Campo,2020-07-18,37.5
11,Región de Aysén del General Carlos Ibáñez del Campo,2020-07-19,62.5
11,Región de Aysén del General Carlos Ibáñez del Campo,2020-07-20,37.5
11,Región de Aysén del General Carlos Ibáñez del Campo,2020-07-21,25.0
11,Región de Aysén del General Carlos Ibáñez del Campo,2020-07-23,37.5
11,Región de Aysén del General Carlos Ibáñez del Campo,2020-07-24,50.0
11,Región de Aysén del General Carlos Ibáñez del Campo,2020-07-26,62.5
11,Región de Aysén del General Carlos Ibáñez del Campo,2020-07-27,50.0
11,Región de Aysén del General Carlos Ibáñez del Campo,2020-07-28,75.0
11,Región de Aysén del General Carlos Ibáñez del Campo,2020-07-30,62.5
11,Región de Aysén del General Carlos Ibáñez del Campo,2020-07-31,50.0
11,Región de Aysén del General Carlos Ibáñez del Campo,2020-08-02,50.0
11,Región de Aysén del General Carlos Ibáñez del Campo,2020-08-03,50.0
11,Región de Aysén del General Carlos Ibáñez del Campo,2020-08-06,50.0
11,Región de Aysén del General Carlos Ibáñez del Campo,2020-08-07,62.5
11,Región de Aysén del General Carlos Ibáñez del Campo,2020-08-08,62.5
11,Región de Aysén del General Carlos Ibáñez del Campo,2020-08-09,75.0
11,Región de Aysén del General Carlos Ibáñez del Campo,2020-08-10,62.5
11,Región de Aysén del General Carlos Ibáñez del Campo,2020-08-11,87.5
11,Región de Aysén del General Carlos Ibáñez del Campo,2020-08-12,75.0
11,Región de Aysén del General Carlos Ibáñez del Campo,2020-08-13,75.0
11,Región de Aysén del General Carlos Ibáñez del Campo,2020-08-14,75.0
12,Región de Magallanes y de la Antártica Chilena,2020-04-12,72.5
12,Región de Magallanes y de la Antártica Chilena,2020-04-13,74.36
12,Región de Magallanes y de la Antártica Chilena,2020-04-15,61.54
12,Región de Magallanes y de la Antártica Chilena,2020-04-16,79.49
12,Región de Magallanes y de la Antártica Chilena,2020-04-18,82.05
12,Región de Magallanes y de la Antártica Chilena,2020-04-19,87.18
12,Región de Magallanes y de la Antártica Chilena,2020-04-21,84.62
12,Región de Magallanes y de la Antártica Chilena,2020-04-22,71.79
12,Región de Magallanes y de la Antártica Chilena,2020-04-23,74.29
12,Región de Magallanes y de la Antártica Chilena,2020-04-29,85.71
12,Región de Magallanes y de la Antártica Chilena,2020-04-30,82.86
12,Región de Magallanes y de la Antártica Chilena,2020-05-01,74.29
12,Región de Magallanes y de la Antártica Chilena,2020-05-02,74.29
12,Región de Magallanes y de la Antártica Chilena,2020-05-03,77.14
12,Región de Magallanes y de la Antártica Chilena,2020-05-06,81.82
12,Región de Magallanes y de la Antártica Chilena,2020-05-07,77.14
12,Región de Magallanes y de la Antártica Chilena,2020-05-08,65.71
12,Región de Magallanes y de la Antártica Chilena,2020-05-09,62.86
12,Región de Magallanes y de la Antártica Chilena,2020-05-12,62.86
12,Región de Magallanes y de la Antártica Chilena,2020-05-13,60.0
12,Región de Magallanes y de la Antártica Chilena,2020-05-14,54.29
12,Región de Magallanes y de la Antártica Chilena,2020-05-15,57.14
12,Región de Magallanes y de la Antártica Chilena,2020-05-16,97.14
12,Región de Magallanes y de la Antártica Chilena,2020-05-17,68.42
12,Región de Magallanes y de la Antártica Chilena,2020-05-18,65.79
12,Región de Magallanes y de la Antártica Chilena,2020-05-19,68.57
12,Región de Magallanes y de la Antártica Chilena,2020-05-20,51.43
12,Región de Magallanes y de la Antártica Chilena,2020-05-21,60.0
12,Región de Magallanes y de la Antártica Chilena,2020-05-23,60.0
12,Región de Magallanes y de la Antártica Chilena,2020-05-24,62.86
12,Región de Magallanes y de la Antártica Chilena,2020-05-26,60.0
12,Región de Magallanes y de la Antártica Chilena,2020-05-27,62.86
12,Región de Magallanes y de la Antártica Chilena,2020-05-28,75.76
12,Región de Magallanes y de la Antártica Chilena,2020-05-29,60.61
12,Región de Magallanes y de la Antártica Chilena,2020-05-31,66.67
12,Región de Magallanes y de la Antártica Chilena,2020-06-01,66.67
12,Región de Magallanes y de la Antártica Chilena,2020-06-02,75.76
12,Región de Magallanes y de la Antártica Chilena,2020-06-03,72.73
12,Región de Magallanes y de la Antártica Chilena,2020-06-04,66.67
12,Región de Magallanes y de la Antártica Chilena,2020-06-05,62.5
12,Región de Magallanes y de la Antártica Chilena,2020-06-06,65.62
12,Región de Magallanes y de la Antártica Chilena,2020-06-07,62.5
12,Región de Magallanes y de la Antártica Chilena,2020-06-08,68.75
12,Región de Magallanes y de la Antártica Chilena,2020-06-09,65.62
12,Región de Magallanes y de la Antártica Chilena,2020-06-10,65.62
12,Región de Magallanes y de la Antártica Chilena,2020-06-11,50.0
12,Región de Magallanes y de la Antártica Chilena,2020-06-12,37.5
12,Región de Magallanes y de la Antártica Chilena,2020-06-13,32.26
12,Región de Magallanes y de la Antártica Chilena,2020-06-14,40.62
12,Región de Magallanes y de la Antártica Chilena,2020-06-15,50.0
12,Región de Magallanes y de la Antártica Chilena,2020-06-16,61.29
12,Región de Magallanes y de la Antártica Chilena,2020-06-17,54.84
12,Región de Magallanes y de la Antártica Chilena,2020-06-18,58.06
12,Región de Magallanes y de la Antártica Chilena,2020-06-19,45.16
12,Región de Magallanes y de la Antártica Chilena,2020-06-20,64.52
12,Región de Magallanes y de la Antártica Chilena,2020-06-21,67.74
12,Región de Magallanes y de la Antártica Chilena,2020-06-22,67.74
12,Región de Magallanes y de la Antártica Chilena,2020-06-23,70.97
12,Región de Magallanes y de la Antártica Chilena,2020-06-24,77.42
12,Región de Magallanes y de la Antártica Chilena,2020-06-25,83.87
12,Región de Magallanes y de la Antártica Chilena,2020-06-26,62.86
12,Región de Magallanes y de la Antártica Chilena,2020-06-27,62.86
12,Región de Magallanes y de la Antártica Chilena,2020-06-28,62.86
12,Región de Magallanes y de la Antártica Chilena,2020-06-29,60.0
12,Región de Magallanes y de la Antártica Chilena,2020-06-30,65.71
12,Región de Magallanes y de la Antártica Chilena,2020-07-01,65.71
12,Región de Magallanes y de la Antártica Chilena,2020-07-02,65.71
12,Región de Magallanes y de la Antártica Chilena,2020-07-04,54.29
12,Región de Magallanes y de la Antártica Chilena,2020-07-05,40.0
12,Región de Magallanes y de la Antártica Chilena,2020-07-06,42.86
12,Región de Magallanes y de la Antártica Chilena,2020-07-07,48.57
12,Región de Magallanes y de la Antártica Chilena,2020-07-08,66.67
12,Región de Magallanes y de la Antártica Chilena,2020-07-09,63.64
12,Región de Magallanes y de la Antártica Chilena,2020-07-10,48.48
12,Región de Magallanes y de la Antártica Chilena,2020-07-11,45.71
12,Región de Magallanes y de la Antártica Chilena,2020-07-12,48.57
12,Región de Magallanes y de la Antártica Chilena,2020-07-13,57.14
12,Región de Magallanes y de la Antártica Chilena,2020-07-14,57.14
12,Región de Magallanes y de la Antártica Chilena,2020-07-15,48.57
12,Región de Magallanes y de la Antártica Chilena,2020-07-17,45.71
12,Región de Magallanes y de la Antártica Chilena,2020-07-18,40.0
12,Región de Magallanes y de la Antártica Chilena,2020-07-19,25.71
12,Región de Magallanes y de la Antártica Chilena,2020-07-20,25.71
12,Región de Magallanes y de la Antártica Chilena,2020-07-21,48.57
12,Región de Magallanes y de la Antártica Chilena,2020-07-23,36.67
12,Región de Magallanes y de la Antártica Chilena,2020-07-24,33.33
12,Región de Magallanes y de la Antártica Chilena,2020-07-26,63.33
12,Región de Magallanes y de la Antártica Chilena,2020-07-27,73.33
12,Región de Magallanes y de la Antártica Chilena,2020-07-28,56.67
12,Región de Magallanes y de la Antártica Chilena,2020-07-30,66.67
12,Región de Magallanes y de la Antártica Chilena,2020-07-31,60.0
12,Región de Magallanes y de la Antártica Chilena,2020-08-02,73.33
12,Región de Magallanes y de la Antártica Chilena,2020-08-03,73.33
12,Región de Magallanes y de la Antártica Chilena,2020-08-06,70.0
12,Región de Magallanes y de la Antártica Chilena,2020-08-07,70.0
12,Región de Magallanes y de la Antártica Chilena,2020-08-08,66.67
12,Región de Magallanes y de la Antártica Chilena,2020-08-09,63.33
12,Región de Magallanes y de la Antártica Chilena,2020-08-10,66.67
12,Región de Magallanes y de la Antártica Chilena,2020-08-11,63.33
12,Región de Magallanes y de la Antártica Chilena,2020-08-12,63.33
12,Región de Magallanes y de la Antártica Chilena,2020-08-13,86.67
12,Región de Magallanes y de la Antártica Chilena,2020-08-14,70.0
13,Región Metropolitana de Santiago,2020-04-12,63.37
13,Región Metropolitana de Santiago,2020-04-13,63.69
13,Región Metropolitana de Santiago,2020-04-15,66.48
13,Región Metropolitana de Santiago,2020-04-16,63.84
13,Región Metropolitana de Santiago,2020-04-18,64.33
13,Región Metropolitana de Santiago,2020-04-19,64.26
13,Región Metropolitana de Santiago,2020-04-21,66.26
13,Región Metropolitana de Santiago,2020-04-22,68.6
13,Región Metropolitana de Santiago,2020-04-23,68.66
13,Región Metropolitana de Santiago,2020-04-29,72.67
13,Región Metropolitana de Santiago,2020-04-30,71.5
13,Región Metropolitana de Santiago,2020-05-01,72.99
13,Región Metropolitana de Santiago,2020-05-02,75.07
13,Región Metropolitana de Santiago,2020-05-03,76.33
13,Región Metropolitana de Santiago,2020-05-06,82.04
13,Región Metropolitana de Santiago,2020-05-07,83.48
13,Región Metropolitana de Santiago,2020-05-08,89.36
13,Región Metropolitana de Santiago,2020-05-09,85.7
13,Región Metropolitana de Santiago,2020-05-12,90.16
13,Región Metropolitana de Santiago,2020-05-13,92.5
13,Región Metropolitana de Santiago,2020-05-14,92.77
13,Región Metropolitana de Santiago,2020-05-15,92.44
13,Región Metropolitana de Santiago,2020-05-16,91.43
13,Región Metropolitana de Santiago,2020-05-17,94.31
13,Región Metropolitana de Santiago,2020-05-18,95.45
13,Región Metropolitana de Santiago,2020-05-19,94.43
13,Región Metropolitana de Santiago,2020-05-20,95.0
13,Región Metropolitana de Santiago,2020-05-21,95.75
13,Región Metropolitana de Santiago,2020-05-23,95.05
13,Región Metropolitana de Santiago,2020-05-24,95.73
13,Región Metropolitana de Santiago,2020-05-26,96.73
13,Región Metropolitana de Santiago,2020-05-27,95.76
13,Región Metropolitana de Santiago,2020-05-28,96.81
13,Región Metropolitana de Santiago,2020-05-29,97.65
13,Región Metropolitana de Santiago,2020-05-31,97.7
13,Región Metropolitana de Santiago,2020-06-01,96.49
13,Región Metropolitana de Santiago,2020-06-02,96.54
13,Región Metropolitana de Santiago,2020-06-03,96.0
13,Región Metropolitana de Santiago,2020-06-04,95.21
13,Región Metropolitana de Santiago,2020-06-05,94.37
13,Región Metropolitana de Santiago,2020-06-06,92.51
13,Región Metropolitana de Santiago,2020-06-07,95.11
13,Región Metropolitana de Santiago,2020-06-08,94.78
13,Región Metropolitana de Santiago,2020-06-09,93.79
13,Región Metropolitana de Santiago,2020-06-10,94.59
13,Región Metropolitana de Santiago,2020-06-11,96.22
13,Región Metropolitana de Santiago,2020-06-12,95.72
13,Región Metropolitana de Santiago,2020-06-13,94.91
13,Región Metropolitana de Santiago,2020-06-14,95.88
13,Región Metropolitana de Santiago,2020-06-15,95.44
13,Región Metropolitana de Santiago,2020-06-16,96.46
13,Región Metropolitana de Santiago,2020-06-17,95.73
13,Región Metropolitana de Santiago,2020-06-18,95.66
13,Región Metropolitana de Santiago,2020-06-19,95.96
13,Región Metropolitana de Santiago,2020-06-20,95.25
13,Región Metropolitana de Santiago,2020-06-21,94.91
13,Región Metropolitana de Santiago,2020-06-22,94.5
13,Región Metropolitana de Santiago,2020-06-23,94.96
13,Región Metropolitana de Santiago,2020-06-24,94.29
13,Región Metropolitana de Santiago,2020-06-25,94.69
13,Región Metropolitana de Santiago,2020-06-26,95.47
13,Región Metropolitana de Santiago,2020-06-27,94.95
13,Región Metropolitana de Santiago,2020-06-28,94.23
13,Región Metropolitana de Santiago,2020-06-29,94.18
13,Región Metropolitana de Santiago,2020-06-30,94.58
13,Región Metropolitana de Santiago,2020-07-01,94.45
13,Región Metropolitana de Santiago,2020-07-02,94.42
13,Región Metropolitana de Santiago,2020-07-04,94.09
13,Región Metropolitana de Santiago,2020-07-05,93.6
13,Región Metropolitana de Santiago,2020-07-06,93.32
13,Región Metropolitana de Santiago,2020-07-07,91.86
13,Región Metropolitana de Santiago,2020-07-08,92.11
13,Región Metropolitana de Santiago,2020-07-09,90.18
13,Región Metropolitana de Santiago,2020-07-10,89.72
13,Región Metropolitana de Santiago,2020-07-11,89.95
13,Región Metropolitana de Santiago,2020-07-12,89.55
13,Región Metropolitana de Santiago,2020-07-13,88.98
13,Región Metropolitana de Santiago,2020-07-14,88.56
13,Región Metropolitana de Santiago,2020-07-15,88.32
13,Región Metropolitana de Santiago,2020-07-17,88.49
13,Región Metropolitana de Santiago,2020-07-18,87.77
13,Región Metropolitana de Santiago,2020-07-19,88.13
13,Región Metropolitana de Santiago,2020-07-20,86.88
13,Región Metropolitana de Santiago,2020-07-21,86.52
13,Región Metropolitana de Santiago,2020-07-23,86.69
13,Región Metropolitana de Santiago,2020-07-24,85.55
13,Región Metropolitana de Santiago,2020-07-26,85.02
13,Región Metropolitana de Santiago,2020-07-27,84.8
13,Región Metropolitana de Santiago,2020-07-28,83.96
13,Región Metropolitana de Santiago,2020-07-30,84.0
13,Región Metropolitana de Santiago,2020-07-31,83.92
13,Región Metropolitana de Santiago,2020-08-02,83.28
13,Región Metropolitana de Santiago,2020-08-03,83.42
13,Región Metropolitana de Santiago,2020-08-06,81.75
13,Región Metropolitana de Santiago,2020-08-07,83.19
13,Región Metropolitana de Santiago,2020-08-08,82.13
13,Región Metropolitana de Santiago,2020-08-09,83.09
13,Región Metropolitana de Santiago,2020-08-10,82.5
13,Región Metropolitana de Santiago,2020-08-11,82.79
13,Región Metropolitana de Santiago,2020-08-12,81.32
13,Región Metropolitana de Santiago,2020-08-13,80.41
13,Región Metropolitana de Santiago,2020-08-14,78.85
14,Región de Los Ríos,2020-04-12,60.87
14,Región de Los Ríos,2020-04-13,60.87
14,Región de Los Ríos,2020-04-15,60.87
14,Región de Los Ríos,2020-04-16,58.33
14,Región de Los Ríos,2020-04-18,69.57
14,Región de Los Ríos,2020-04-19,60.87
14,Región de Los Ríos,2020-04-21,69.57
14,Región de Los Ríos,2020-04-22,65.22
14,Región de Los Ríos,2020-04-23,47.83
14,Región de Los Ríos,2020-04-29,47.83
14,Región de Los Ríos,2020-04-30,43.48
14,Región de Los Ríos,2020-05-01,39.13
14,Región de Los Ríos,2020-05-02,34.78
14,Región de Los Ríos,2020-05-03,26.09
14,Región de Los Ríos,2020-05-06,52.17
14,Región de Los Ríos,2020-05-07,43.48
14,Región de Los Ríos,2020-05-08,39.13
14,Región de Los Ríos,2020-05-09,34.78
14,Región de Los Ríos,2020-05-12,34.78
14,Región de Los Ríos,2020-05-13,34.78
14,Región de Los Ríos,2020-05-14,47.83
14,Región de Los Ríos,2020-05-15,60.87
14,Región de Los Ríos,2020-05-16,47.83
14,Región de Los Ríos,2020-05-17,60.87
14,Región de Los Ríos,2020-05-18,78.26
14,Región de Los Ríos,2020-05-19,69.57
14,Región de Los Ríos,2020-05-20,56.52
14,Región de Los Ríos,2020-05-21,60.87
14,Región de Los Ríos,2020-05-23,56.52
14,Región de Los Ríos,2020-05-24,56.52
14,Región de Los Ríos,2020-05-26,60.87
14,Región de Los Ríos,2020-05-27,65.22
14,Región de Los Ríos,2020-05-28,60.87
14,Región de Los Ríos,2020-05-29,56.52
14,Región de Los Ríos,2020-05-31,56.52
14,Región de Los Ríos,2020-06-01,34.78
14,Región de Los Ríos,2020-06-02,52.17
14,Región de Los Ríos,2020-06-03,65.22
14,Región de Los Ríos,2020-06-04,56.52
14,Región de Los Ríos,2020-06-05,60.87
14,Región de Los Ríos,2020-06-06,47.83
14,Región de Los Ríos,2020-06-07,60.87
14,Región de Los Ríos,2020-06-08,43.48
14,Región de Los Ríos,2020-06-09,52.17
14,Región de Los Ríos,2020-06-10,34.78
14,Región de Los Ríos,2020-06-11,43.48
14,Región de Los Ríos,2020-06-12,34.78
14,Región de Los Ríos,2020-06-13,40.91
14,Región de Los Ríos,2020-06-14,43.48
14,Región de Los Ríos,2020-06-15,43.48
14,Región de Los Ríos,2020-06-16,39.13
14,Región de Los Ríos,2020-06-17,39.13
14,Región de Los Ríos,2020-06-18,43.48
14,Región de Los Ríos,2020-06-19,39.13
14,Región de Los Ríos,2020-06-20,60.87
14,Región de Los Ríos,2020-06-21,56.52
14,Región de Los Ríos,2020-06-22,65.22
14,Región de Los Ríos,2020-06-23,65.22
14,Región de Los Ríos,2020-06-24,65.22
14,Región de Los Ríos,2020-06-25,52.17
14,Región de Los Ríos,2020-06-26,56.52
14,Región de Los Ríos,2020-06-27,65.22
14,Región de Los Ríos,2020-06-28,56.52
14,Región de Los Ríos,2020-06-29,39.13
14,Región de Los Ríos,2020-06-30,52.17
14,Región de Los Ríos,2020-07-01,65.22
14,Región de Los Ríos,2020-07-02,52.17
14,Región de Los Ríos,2020-07-04,43.48
14,Región de Los Ríos,2020-07-05,56.52
14,Región de Los Ríos,2020-07-06,69.57
14,Región de Los Ríos,2020-07-07,69.57
14,Región de Los Ríos,2020-07-08,60.87
14,Región de Los Ríos,2020-07-09,39.13
14,Región de Los Ríos,2020-07-10,47.83
14,Región de Los Ríos,2020-07-11,43.48
14,Región de Los Ríos,2020-07-12,56.52
14,Región de Los Ríos,2020-07-13,78.26
14,Región de Los Ríos,2020-07-14,82.61
14,Región de Los Ríos,2020-07-15,69.57
14,Región de Los Ríos,2020-07-17,69.57
14,Región de Los Ríos,2020-07-18,60.87
14,Región de Los Ríos,2020-07-19,56.52
14,Región de Los Ríos,2020-07-20,52.17
14,Región de Los Ríos,2020-07-21,47.83
14,Región de Los Ríos,2020-07-23,65.22
14,Región de Los Ríos,2020-07-24,65.22
14,Región de Los Ríos,2020-07-26,78.26
14,Región de Los Ríos,2020-07-27,73.91
14,Región de Los Ríos,2020-07-28,73.91
14,Región de Los Ríos,2020-07-30,73.91
14,Región de Los Ríos,2020-07-31,86.96
14,Región de Los Ríos,2020-08-02,73.91
14,Región de Los Ríos,2020-08-03,73.91
14,Región de Los Ríos,2020-08-06,69.57
14,Región de Los Ríos,2020-08-07,60.87
14,Región de Los Ríos,2020-08-08,73.91
14,Región de Los Ríos,2020-08-09,65.22
14,Región de Los Ríos,2020-08-10,65.22
14,Región de Los Ríos,2020-08-11,73.91
14,Región de Los Ríos,2020-08-12,69.57
14,Región de Los Ríos,2020-08-13,69.57
14,Región de Los Ríos,2020-08-14,78.26
15,Región de Arica y Parinacota,2020-04-12,28.57
15,Región de Arica y Parinacota,2020-04-13,75.0
15,Región de Arica y Parinacota,2020-04-15,91.67
15,Región de Arica y Parinacota,2020-04-16,72.22
15,Región de Arica y Parinacota,2020-04-18,66.67
15,Región de Arica y Parinacota,2020-04-19,58.82
15,Región de Arica y Parinacota,2020-04-21,45.45
15,Región de Arica y Parinacota,2020-04-22,45.45
15,Región de Arica y Parinacota,2020-04-23,63.64
15,Región de Arica y Parinacota,2020-04-29,50.0
15,Región de Arica y Parinacota,2020-04-30,50.0
15,Región de Arica y Parinacota,2020-05-01,59.09
15,Región de Arica y Parinacota,2020-05-02,68.18
15,Región de Arica y Parinacota,2020-05-03,50.0
15,Región de Arica y Parinacota,2020-05-06,40.91
15,Región de Arica y Parinacota,2020-05-07,54.55
15,Región de Arica y Parinacota,2020-05-08,54.55
15,Región de Arica y Parinacota,2020-05-09,59.09
15,Región de Arica y Parinacota,2020-05-12,54.55
15,Región de Arica y Parinacota,2020-05-13,54.55
15,Región de Arica y Parinacota,2020-05-14,54.55
15,Región de Arica y Parinacota,2020-05-15,63.64
15,Región de Arica y Parinacota,2020-05-16,68.18
15,Región de Arica y Parinacota,2020-05-17,59.09
15,Región de Arica y Parinacota,2020-05-18,63.64
15,Región de Arica y Parinacota,2020-05-19,68.18
15,Región de Arica y Parinacota,2020-05-20,77.27
15,Región de Arica y Parinacota,2020-05-21,68.18
15,Región de Arica y Parinacota,2020-05-23,59.09
15,Región de Arica y Parinacota,2020-05-24,63.64
15,Región de Arica y Parinacota,2020-05-26,59.09
15,Región de Arica y Parinacota,2020-05-27,59.09
15,Región de Arica y Parinacota,2020-05-28,63.64
15,Región de Arica y Parinacota,2020-05-29,63.64
15,Región de Arica y Parinacota,2020-05-31,68.18
15,Región de Arica y Parinacota,2020-06-01,77.27
15,Región de Arica y Parinacota,2020-06-02,72.73
15,Región de Arica y Parinacota,2020-06-03,72.73
15,Región de Arica y Parinacota,2020-06-04,86.36
15,Región de Arica y Parinacota,2020-06-05,77.27
15,Región de Arica y Parinacota,2020-06-06,60.71
15,Región de Arica y Parinacota,2020-06-07,64.29
15,Región de Arica y Parinacota,2020-06-08,70.0
15,Región de Arica y Parinacota,2020-06-09,66.67
15,Región de Arica y Parinacota,2020-06-10,70.0
15,Región de Arica y Parinacota,2020-06-11,76.67
15,Región de Arica y Parinacota,2020-06-12,73.33
15,Región de Arica y Parinacota,2020-06-13,76.67
15,Región de Arica y Parinacota,2020-06-14,73.33
15,Región de Arica y Parinacota,2020-06-15,73.33
15,Región de Arica y Parinacota,2020-06-16,70.0
15,Región de Arica y Parinacota,2020-06-17,76.67
15,Región de Arica y Parinacota,2020-06-18,80.0
15,Región de Arica y Parinacota,2020-06-19,73.33
15,Región de Arica y Parinacota,2020-06-20,80.0
15,Región de Arica y Parinacota,2020-06-21,83.33
15,Región de Arica y Parinacota,2020-06-22,80.0
15,Región de Arica y Parinacota,2020-06-23,73.33
15,Región de Arica y Parinacota,2020-06-24,66.67
15,Región de Arica y Parinacota,2020-06-25,70.0
15,Región de Arica y Parinacota,2020-06-26,73.33
15,Región de Arica y Parinacota,2020-06-27,70.0
15,Región de Arica y Parinacota,2020-06-28,80.0
15,Región de Arica y Parinacota,2020-06-29,80.0
15,Región de Arica y Parinacota,2020-06-30,80.0
15,Región de Arica y Parinacota,2020-07-01,83.33
15,Región de Arica y Parinacota,2020-07-02,83.33
15,Región de Arica y Parinacota,2020-07-04,83.33
15,Región de Arica y Parinacota,2020-07-05,80.0
15,Región de Arica y Parinacota,2020-07-06,76.67
15,Región de Arica y Parinacota,2020-07-07,76.67
15,Región de Arica y Parinacota,2020-07-08,83.33
15,Región de Arica y Parinacota,2020-07-09,79.41
15,Región de Arica y Parinacota,2020-07-10,75.0
15,Región de Arica y Parinacota,2020-07-11,83.33
15,Región de Arica y Parinacota,2020-07-12,83.33
15,Región de Arica y Parinacota,2020-07-13,88.89
15,Región de Arica y Parinacota,2020-07-14,88.89
15,Región de Arica y Parinacota,2020-07-15,77.78
15,Región de Arica y Parinacota,2020-07-17,69.44
15,Región de Arica y Parinacota,2020-07-18,75.0
15,Región de Arica y Parinacota,2020-07-19,75.0
15,Región de Arica y Parinacota,2020-07-20,72.22
15,Región de Arica y Parinacota,2020-07-21,75.0
15,Región de Arica y Parinacota,2020-07-23,66.67
15,Región de Arica y Parinacota,2020-07-24,66.67
15,Región de Arica y Parinacota,2020-07-26,63.89
15,Región de Arica y Parinacota,2020-07-27,63.89
15,Región de Arica y Parinacota,2020-07-28,75.0
15,Región de Arica y Parinacota,2020-07-30,86.11
15,Región de Arica y Parinacota,2020-07-31,72.22
15,Región de Arica y Parinacota,2020-08-02,75.0
15,Región de Arica y Parinacota,2020-08-03,77.78
15,Región de Arica y Parinacota,2020-08-06,77.78
15,Región de Arica y Parinacota,2020-08-07,86.84
15,Región de Arica y Parinacota,2020-08-08,84.21
15,Región de Arica y Parinacota,2020-08-09,89.47
15,Región de Arica y Parinacota,2020-08-10,86.84
15,Región de Arica y Parinacota,2020-08-11,78.95
15,Región de Arica y Parinacota,2020-08-12,81.58
15,Región de Arica y Parinacota,2020-08-13,81.58
15,Región de Arica y Parinacota,2020-08-14,68.42
16,Región de Ñuble,2020-04-12,44.44
16,Región de Ñuble,2020-04-13,44.44
16,Región de Ñuble,2020-04-15,51.85
16,Región de Ñuble,2020-04-16,40.74
16,Región de Ñuble,2020-04-18,51.85
16,Región de Ñuble,2020-04-19,55.56
16,Región de Ñuble,2020-04-21,55.56
16,Región de Ñuble,2020-04-22,55.56
16,Región de Ñuble,2020-04-23,55.56
16,Región de Ñuble,2020-04-29,28.57
16,Región de Ñuble,2020-04-30,30.0
16,Región de Ñuble,2020-05-01,30.0
16,Región de Ñuble,2020-05-02,30.0
16,Región de Ñuble,2020-05-03,33.33
16,Región de Ñuble,2020-05-06,32.0
16,Región de Ñuble,2020-05-07,40.0
16,Región de Ñuble,2020-05-08,44.0
16,Región de Ñuble,2020-05-09,36.0
16,Región de Ñuble,2020-05-12,52.0
16,Región de Ñuble,2020-05-13,42.86
16,Región de Ñuble,2020-05-14,29.41
16,Región de Ñuble,2020-05-15,35.29
16,Región de Ñuble,2020-05-16,41.18
16,Región de Ñuble,2020-05-17,47.06
16,Región de Ñuble,2020-05-18,47.06
16,Región de Ñuble,2020-05-19,47.06
16,Región de Ñuble,2020-05-20,47.06
16,Región de Ñuble,2020-05-21,34.78
16,Región de Ñuble,2020-05-23,60.0
16,Región de Ñuble,2020-05-24,65.0
16,Región de Ñuble,2020-05-26,54.17
16,Región de Ñuble,2020-05-27,62.5
16,Región de Ñuble,2020-05-28,58.33
16,Región de Ñuble,2020-05-29,54.17
16,Región de Ñuble,2020-05-31,50.0
16,Región de Ñuble,2020-06-01,50.0
16,Región de Ñuble,2020-06-02,54.17
16,Región de Ñuble,2020-06-03,62.5
16,Región de Ñuble,2020-06-04,58.33
16,Región de Ñuble,2020-06-05,62.5
16,Región de Ñuble,2020-06-06,66.67
16,Región de Ñuble,2020-06-07,70.83
16,Región de Ñuble,2020-06-08,70.83
16,Región de Ñuble,2020-06-09,66.67
16,Región de Ñuble,2020-06-10,62.5
16,Región de Ñuble,2020-06-11,70.83
16,Región de Ñuble,2020-06-12,70.83
16,Región de Ñuble,2020-06-13,70.83
16,Región de Ñuble,2020-06-14,72.0
16,Región de Ñuble,2020-06-15,72.0
16,Región de Ñuble,2020-06-16,68.0
16,Región de Ñuble,2020-06-17,76.0
16,Región de Ñuble,2020-06-18,80.0
16,Región de Ñuble,2020-06-19,84.0
16,Región de Ñuble,2020-06-20,88.0
16,Región de Ñuble,2020-06-21,84.62
16,Región de Ñuble,2020-06-22,80.77
16,Región de Ñuble,2020-06-23,80.77
16,Región de Ñuble,2020-06-24,80.77
16,Región de Ñuble,2020-06-25,88.46
16,Región de Ñuble,2020-06-26,76.67
16,Región de Ñuble,2020-06-27,82.76
16,Región de Ñuble,2020-06-28,76.67
16,Región de Ñuble,2020-06-29,60.0
16,Región de Ñuble,2020-06-30,66.67
16,Región de Ñuble,2020-07-01,60.0
16,Región de Ñuble,2020-07-02,56.67
16,Región de Ñuble,2020-07-04,63.33
16,Región de Ñuble,2020-07-05,53.33
16,Región de Ñuble,2020-07-06,56.67
16,Región de Ñuble,2020-07-07,56.67
16,Región de Ñuble,2020-07-08,63.33
16,Región de Ñuble,2020-07-09,53.33
16,Región de Ñuble,2020-07-10,56.67
16,Región de Ñuble,2020-07-11,60.0
16,Región de Ñuble,2020-07-12,63.33
16,Región de Ñuble,2020-07-13,66.67
16,Región de Ñuble,2020-07-14,56.67
16,Región de Ñuble,2020-07-15,53.33
16,Región de Ñuble,2020-07-17,46.67
16,Región de Ñuble,2020-07-18,50.0
16,Región de Ñuble,2020-07-19,43.33
16,Región de Ñuble,2020-07-20,46.67
16,Región de Ñuble,2020-07-21,50.0
16,Región de Ñuble,2020-07-23,50.0
16,Región de Ñuble,2020-07-24,70.0
16,Región de Ñuble,2020-07-26,73.33
16,Región de Ñuble,2020-07-27,63.33
16,Región de Ñuble,2020-07-28,56.67
16,Región de Ñuble,2020-07-30,53.33
16,Región de Ñuble,2020-07-31,50.0
16,Región de Ñuble,2020-08-02,46.67
16,Región de Ñuble,2020-08-03,46.67
16,Región de Ñuble,2020-08-06,44.83
16,Región de Ñuble,2020-08-07,41.18
16,Región de Ñuble,2020-08-08,57.14
16,Región de Ñuble,2020-08-09,50.0
16,Región de Ñuble,2020-08-10,52.94
16,Región de Ñuble,2020-08-11,52.94
16,Región de Ñuble,2020-08-12,50.0
16,Región de Ñuble,2020-08-13,50.0
16,Región de Ñuble,2020-08-14,50.0
